Tow Date,Make,Color,Count
2024-12,ACUR,BGE,1
2024-12,ACUR,BLK,6
2024-12,ACUR,BLU,2
2024-12,ACUR,GRY,4
2024-12,ACUR,SIL,4
2024-12,ACUR,TAN,1
2024-12,ACUR,WHI,5
2024-12,ALFA,WHI,1
2024-12,AUDI,BLK,7
2024-12,AUDI,BLU,3
2024-12,AUDI,GRY,3
2024-12,AUDI,WHI,6
2024-12,AURA,BLK,1
2024-12,BMW,BLK,8
2024-12,BMW,BLU,3
2024-12,BMW,GRY,3
2024-12,BMW,SIL,2
2024-12,BMW,WHI,7
2024-12,BUIC,BGE,1
2024-12,BUIC,BLK,7
2024-12,BUIC,BLU,2
2024-12,BUIC,GLD,2
2024-12,BUIC,GRY,3
2024-12,BUIC,LGR,1
2024-12,BUIC,RED,2
2024-12,BUIC,SIL,6
2024-12,BUIC,TAN,1
2024-12,BUIC,WHI,10
2024-12,CADI,BLK,4
2024-12,CADI,BLU,1
2024-12,CADI,GRN,1
2024-12,CADI,GRY,1
2024-12,CADI,RED,1
2024-12,CADI,TAN,1
2024-12,CADI,WHI,2
2024-12,CHEV,BLK,33
2024-12,CHEV,BLU,8
2024-12,CHEV,BRO,2
2024-12,CHEV,CRM,1
2024-12,CHEV,DBL,2
2024-12,CHEV,GLD,3
2024-12,CHEV,GRN,1
2024-12,CHEV,GRY,23
2024-12,CHEV,LGR,1
2024-12,CHEV,MAR,4
2024-12,CHEV,PNK,1
2024-12,CHEV,RED,14
2024-12,CHEV,SIL,29
2024-12,CHEV,TAN,5
2024-12,CHEV,WHI,27
2024-12,CHRY,BGE,1
2024-12,CHRY,BLK,5
2024-12,CHRY,GRY,2
2024-12,CHRY,LBL,1
2024-12,CHRY,RED,1
2024-12,CHRY,SIL,7
2024-12,CHRY,WHI,1
2024-12,DODG,BLK,16
2024-12,DODG,BLU,5
2024-12,DODG,GRN,1
2024-12,DODG,GRY,10
2024-12,DODG,LBL,1
2024-12,DODG,MAR,1
2024-12,DODG,PLE,2
2024-12,DODG,RED,6
2024-12,DODG,SIL,5
2024-12,DODG,TAN,1
2024-12,DODG,WHI,9
2024-12,FORD,BLK,29
2024-12,FORD,BLU,11
2024-12,FORD,BRO,1
2024-12,FORD,DBL,2
2024-12,FORD,GLD,1
2024-12,FORD,GRN,4
2024-12,FORD,GRY,22
2024-12,FORD,MAR,3
2024-12,FORD,ONG,1
2024-12,FORD,RED,9
2024-12,FORD,SIL,16
2024-12,FORD,TAN,2
2024-12,FORD,WHI,33
2024-12,GENE,BLK,1
2024-12,GMC,BLK,3
2024-12,GMC,DBL,1
2024-12,GMC,GRN,1
2024-12,GMC,GRY,4
2024-12,GMC,MAR,1
2024-12,GMC,RED,1
2024-12,GMC,SIL,4
2024-12,GMC,TAN,1
2024-12,GMC,WHI,9
2024-12,HOND,BGE,1
2024-12,HOND,BLK,28
2024-12,HOND,BLU,15
2024-12,HOND,BRO,1
2024-12,HOND,BRZ,1
2024-12,HOND,DBL,3
2024-12,HOND,DGR,3
2024-12,HOND,GLD,2
2024-12,HOND,GRN,3
2024-12,HOND,GRY,42
2024-12,HOND,LBL,4
2024-12,HOND,LGR,1
2024-12,HOND,MAR,3
2024-12,HOND,PLE,1
2024-12,HOND,RED,6
2024-12,HOND,SIL,11
2024-12,HOND,TAN,4
2024-12,HOND,WHI,14
2024-12,HUMM,BLU,1
2024-12,HYUN,BLK,19
2024-12,HYUN,BLU,7
2024-12,HYUN,GRY,20
2024-12,HYUN,LGR,1
2024-12,HYUN,ONG,1
2024-12,HYUN,RED,4
2024-12,HYUN,SIL,9
2024-12,HYUN,TAN,1
2024-12,HYUN,WHI,8
2024-12,HYUN,YEL,2
2024-12,INFI,BLK,6
2024-12,INFI,BLU,3
2024-12,INFI,BRZ,1
2024-12,INFI,GRY,2
2024-12,INFI,SIL,5
2024-12,INFI,WHI,8
2024-12,JAGU,BLK,1
2024-12,JAGU,GRY,1
2024-12,JAGU,RED,1
2024-12,JAGU,WHI,2
2024-12,JEEP,BGE,1
2024-12,JEEP,BLK,25
2024-12,JEEP,BLU,6
2024-12,JEEP,DGR,2
2024-12,JEEP,GRN,2
2024-12,JEEP,GRY,22
2024-12,JEEP,MAR,1
2024-12,JEEP,ONG,1
2024-12,JEEP,RED,4
2024-12,JEEP,SIL,2
2024-12,JEEP,WHI,17
2024-12,JEEP,YEL,1
2024-12,KIA,BLK,11
2024-12,KIA,BLU,6
2024-12,KIA,GRN,2
2024-12,KIA,GRY,11
2024-12,KIA,LBL,1
2024-12,KIA,RED,3
2024-12,KIA,SIL,5
2024-12,KIA,WHI,10
2024-12,LAND,BLK,2
2024-12,LAND,BLU,1
2024-12,LAND,GRY,2
2024-12,LAND,WHI,2
2024-12,LEXS,BLK,4
2024-12,LEXS,BLU,1
2024-12,LEXS,GRY,5
2024-12,LEXS,MAR,1
2024-12,LEXS,SIL,3
2024-12,LEXS,TAN,1
2024-12,LEXS,WHI,3
2024-12,LINC,BLK,4
2024-12,LINC,BLU,1
2024-12,LINC,GRY,2
2024-12,LINC,MAR,1
2024-12,LINC,SIL,1
2024-12,LINC,WHI,1
2024-12,LNDR,BLK,1
2024-12,LNDR,BLU,1
2024-12,MASR,GRY,1
2024-12,MAZD,BLK,10
2024-12,MAZD,BLU,1
2024-12,MAZD,GRY,6
2024-12,MAZD,MAR,1
2024-12,MAZD,RED,4
2024-12,MAZD,SIL,2
2024-12,MAZD,WHI,5
2024-12,MERC,BGE,1
2024-12,MERC,BLK,3
2024-12,MERC,DBL,1
2024-12,MERC,RED,1
2024-12,MERC,WHI,1
2024-12,MERZ,BLK,9
2024-12,MERZ,GRY,2
2024-12,MERZ,WHI,7
2024-12,MINI,BLU,1
2024-12,MINI,SIL,1
2024-12,MITS,BLK,4
2024-12,MITS,GRY,5
2024-12,MITS,RED,1
2024-12,MITS,SIL,2
2024-12,MITS,WHI,1
2024-12,MONO,BLK,1
2024-12,NISS,BGE,1
2024-12,NISS,BLK,25
2024-12,NISS,BLU,9
2024-12,NISS,BRO,1
2024-12,NISS,CRM,1
2024-12,NISS,GRN,1
2024-12,NISS,GRY,32
2024-12,NISS,LBL,1
2024-12,NISS,MAR,5
2024-12,NISS,RED,6
2024-12,NISS,SIL,20
2024-12,NISS,TAN,1
2024-12,NISS,WHI,18
2024-12,OLDS,RED,1
2024-12,OTTE,BLK,1
2024-12,OTTE,BLU,1
2024-12,OTTE,SIL,1
2024-12,OTTE,WHI,1
2024-12,PLYM,BLU,1
2024-12,PONT,BLK,2
2024-12,PONT,BRZ,1
2024-12,PONT,DBL,1
2024-12,PONT,GRY,5
2024-12,PONT,RED,3
2024-12,PONT,SIL,1
2024-12,PORS,SIL,1
2024-12,PORS,WHI,1
2024-12,SAA,BLK,1
2024-12,SAA,MAR,1
2024-12,SATR,BLU,2
2024-12,SATR,GLD,1
2024-12,SATR,GRY,1
2024-12,SATR,TAN,1
2024-12,SATR,WHI,1
2024-12,SATU,BLK,1
2024-12,SATU,GRY,1
2024-12,SUBA,BLK,1
2024-12,SUBA,BLU,3
2024-12,SUBA,CRM,1
2024-12,SUBA,DBL,1
2024-12,SUBA,GRY,7
2024-12,SUBA,LGR,1
2024-12,SUBA,ONG,1
2024-12,SUBA,RED,1
2024-12,SUBA,SIL,5
2024-12,SUBA,WHI,6
2024-12,SUZI,BLK,1
2024-12,SUZI,BLU,1
2024-12,TESI,BGE,1
2024-12,TESL,BLK,3
2024-12,TESL,BLU,2
2024-12,TESL,WHI,2
2024-12,TOYO,GRY,1
2024-12,TOYT,BLK,16
2024-12,TOYT,BLU,9
2024-12,TOYT,BRO,1
2024-12,TOYT,CRM,1
2024-12,TOYT,DGR,2
2024-12,TOYT,GLD,5
2024-12,TOYT,GRN,2
2024-12,TOYT,GRY,37
2024-12,TOYT,LBL,1
2024-12,TOYT,MAR,2
2024-12,TOYT,RED,9
2024-12,TOYT,SIL,18
2024-12,TOYT,TAN,5
2024-12,TOYT,WHI,18
2024-12,TOYT,YEL,1
2024-12,TRLR,WHI,1
2024-12,VOLK,BLK,18
2024-12,VOLK,BLU,2
2024-12,VOLK,GRY,11
2024-12,VOLK,ONG,1
2024-12,VOLK,PLE,1
2024-12,VOLK,RED,2
2024-12,VOLK,SIL,1
2024-12,VOLK,TAN,1
2024-12,VOLK,WHI,14
2024-12,VOLV,BLK,1
2024-12,VOLV,GRY,1
2024-12,VOLV,TAN,1
2024-12,ZCZY,WHI,1
2025-01,ACUR,BLK,9
2025-01,ACUR,BLU,1
2025-01,ACUR,BRO,1
2025-01,ACUR,GRY,5
2025-01,ACUR,RED,1
2025-01,ACUR,SIL,1
2025-01,ALFA,GRY,1
2025-01,ALFA,WHI,1
2025-01,AMER,BLU,1
2025-01,AUDI,BLK,2
2025-01,AUDI,BLU,3
2025-01,AUDI,GRY,3
2025-01,AUDI,RED,2
2025-01,AUDI,SIL,1
2025-01,AUDI,WHI,4
2025-01,BMW,BLK,6
2025-01,BMW,BLU,3
2025-01,BMW,GRY,6
2025-01,BMW,RED,1
2025-01,BMW,SIL,6
2025-01,BMW,WHI,2
2025-01,BUIC,BGE,1
2025-01,BUIC,BLK,10
2025-01,BUIC,BLU,1
2025-01,BUIC,BRZ,1
2025-01,BUIC,GRY,4
2025-01,BUIC,LBL,1
2025-01,BUIC,MAR,2
2025-01,BUIC,RED,1
2025-01,BUIC,SIL,6
2025-01,BUIC,TAN,3
2025-01,BUIC,WHI,7
2025-01,CADI,BLK,13
2025-01,CADI,GLD,1
2025-01,CADI,GRY,2
2025-01,CADI,RED,1
2025-01,CADI,TAN,1
2025-01,CADI,WHI,5
2025-01,CHEV,BGE,5
2025-01,CHEV,BLK,45
2025-01,CHEV,BLU,14
2025-01,CHEV,BRO,3
2025-01,CHEV,DBL,1
2025-01,CHEV,GLD,2
2025-01,CHEV,GRN,1
2025-01,CHEV,GRY,32
2025-01,CHEV,LBL,1
2025-01,CHEV,MAR,4
2025-01,CHEV,ONG,1
2025-01,CHEV,PLE,1
2025-01,CHEV,RED,12
2025-01,CHEV,SIL,20
2025-01,CHEV,TAN,8
2025-01,CHEV,WHI,38
2025-01,CHRY,BGE,1
2025-01,CHRY,BLK,11
2025-01,CHRY,BLU,3
2025-01,CHRY,DBL,1
2025-01,CHRY,GRN,1
2025-01,CHRY,GRY,5
2025-01,CHRY,LBL,2
2025-01,CHRY,MAR,1
2025-01,CHRY,RED,1
2025-01,CHRY,SIL,4
2025-01,CHRY,WHI,8
2025-01,COLE,RED,1
2025-01,DODD,WHI,1
2025-01,DODG,BLK,25
2025-01,DODG,BLU,6
2025-01,DODG,DBL,1
2025-01,DODG,GLD,1
2025-01,DODG,GRN,1
2025-01,DODG,GRY,12
2025-01,DODG,LBL,2
2025-01,DODG,MAR,2
2025-01,DODG,RED,7
2025-01,DODG,SIL,3
2025-01,DODG,WHI,13
2025-01,FIAT,WHI,1
2025-01,FORD,BGE,1
2025-01,FORD,BLK,30
2025-01,FORD,BLU,14
2025-01,FORD,DBL,1
2025-01,FORD,GRN,6
2025-01,FORD,GRY,32
2025-01,FORD,LGR,1
2025-01,FORD,MAR,2
2025-01,FORD,RED,20
2025-01,FORD,SIL,11
2025-01,FORD,TAN,2
2025-01,FORD,WHI,34
2025-01,FRTV,WHI,1
2025-01,GENE,BLK,1
2025-01,GMC,BGE,1
2025-01,GMC,BLK,8
2025-01,GMC,DBL,1
2025-01,GMC,GLD,1
2025-01,GMC,GRN,1
2025-01,GMC,GRY,3
2025-01,GMC,LGR,1
2025-01,GMC,MAR,2
2025-01,GMC,SIL,2
2025-01,GMC,TAN,5
2025-01,GMC,WHI,5
2025-01,HOND,BGE,2
2025-01,HOND,BLK,34
2025-01,HOND,BLU,14
2025-01,HOND,CRM,1
2025-01,HOND,DGR,1
2025-01,HOND,GLD,5
2025-01,HOND,GRN,1
2025-01,HOND,GRY,40
2025-01,HOND,LGR,1
2025-01,HOND,MAR,2
2025-01,HOND,PLE,1
2025-01,HOND,RED,9
2025-01,HOND,SIL,14
2025-01,HOND,TAN,3
2025-01,HOND,TRQ,1
2025-01,HOND,WHI,13
2025-01,HYUN,BGE,2
2025-01,HYUN,BLK,17
2025-01,HYUN,BLU,10
2025-01,HYUN,DBL,1
2025-01,HYUN,GRN,1
2025-01,HYUN,GRY,19
2025-01,HYUN,LBL,1
2025-01,HYUN,MAR,2
2025-01,HYUN,PLE,1
2025-01,HYUN,RED,4
2025-01,HYUN,SIL,15
2025-01,HYUN,TAN,1
2025-01,HYUN,WHI,12
2025-01,INFI,BLK,9
2025-01,INFI,GRY,3
2025-01,INFI,RED,1
2025-01,INFI,SIL,2
2025-01,INFI,WHI,2
2025-01,INTE,WHI,1
2025-01,ISU,WHI,2
2025-01,JAGU,BLK,1
2025-01,JAGU,DBL,1
2025-01,JEEP,BGE,2
2025-01,JEEP,BLK,22
2025-01,JEEP,BLU,9
2025-01,JEEP,BRO,1
2025-01,JEEP,DBL,1
2025-01,JEEP,GRN,1
2025-01,JEEP,GRY,13
2025-01,JEEP,ONG,1
2025-01,JEEP,RED,3
2025-01,JEEP,SIL,5
2025-01,JEEP,WHI,18
2025-01,KAWK,BLK,2
2025-01,KIA,BLK,4
2025-01,KIA,BLU,2
2025-01,KIA,GRN,1
2025-01,KIA,GRY,8
2025-01,KIA,MAR,2
2025-01,KIA,RED,4
2025-01,KIA,SIL,5
2025-01,KIA,TAN,2
2025-01,KIA,WHI,11
2025-01,LAND,BLK,5
2025-01,LAND,BLU,1
2025-01,LAND,SIL,2
2025-01,LAND,WHI,1
2025-01,LEXS,BLK,5
2025-01,LEXS,BLU,1
2025-01,LEXS,CRM,1
2025-01,LEXS,GRN,1
2025-01,LEXS,GRY,5
2025-01,LEXS,PLE,1
2025-01,LEXS,SIL,5
2025-01,LEXS,WHI,3
2025-01,LINC,BLK,2
2025-01,LINC,GRY,1
2025-01,LINC,RED,1
2025-01,LINC,SIL,2
2025-01,LINC,TAN,1
2025-01,MACK,BLU,1
2025-01,MASE,BLK,1
2025-01,MAZD,BGE,1
2025-01,MAZD,BLK,7
2025-01,MAZD,BLU,4
2025-01,MAZD,DBL,1
2025-01,MAZD,GRY,7
2025-01,MAZD,RED,2
2025-01,MAZD,SIL,6
2025-01,MAZD,WHI,1
2025-01,MERC,BLK,3
2025-01,MERC,BRO,2
2025-01,MERC,SIL,1
2025-01,MERC,WHI,4
2025-01,MERZ,BLK,3
2025-01,MERZ,BLU,1
2025-01,MERZ,GLD,1
2025-01,MERZ,GRY,4
2025-01,MERZ,RED,1
2025-01,MERZ,TAN,1
2025-01,MERZ,WHI,4
2025-01,MINI,BLU,1
2025-01,MINI,GRN,1
2025-01,MINI,GRY,2
2025-01,MITS,BGE,1
2025-01,MITS,BLK,6
2025-01,MITS,GRY,2
2025-01,MITS,RED,1
2025-01,MITS,SIL,2
2025-01,MITS,TAN,1
2025-01,NISS,BLK,33
2025-01,NISS,BLU,4
2025-01,NISS,BRZ,1
2025-01,NISS,DBL,3
2025-01,NISS,GLD,2
2025-01,NISS,GRY,21
2025-01,NISS,MAR,4
2025-01,NISS,ONG,1
2025-01,NISS,RED,7
2025-01,NISS,SIL,18
2025-01,NISS,TAN,2
2025-01,NISS,WHI,14
2025-01,OLDS,SIL,1
2025-01,OLDS,WHI,1
2025-01,OTTE,BLK,2
2025-01,OTTE,BLU,1
2025-01,OTTE,GRN,1
2025-01,OTTE,RED,2
2025-01,OTTE,TAN,1
2025-01,OTTE,WHI,2
2025-01,PONT,BLK,4
2025-01,PONT,BLU,2
2025-01,PONT,GRY,1
2025-01,PONT,MAR,2
2025-01,PONT,RED,3
2025-01,PONT,SIL,3
2025-01,PONT,WHI,4
2025-01,PORS,GRY,1
2025-01,RAMA,WHI,1
2025-01,RANG,BLU,1
2025-01,SAA,SIL,1
2025-01,SATR,BLK,1
2025-01,SATR,BLU,1
2025-01,SATR,GRY,1
2025-01,SATR,MAR,1
2025-01,SATR,RED,1
2025-01,SATR,SIL,2
2025-01,SATU,MAR,1
2025-01,SCIO,BLK,2
2025-01,SCIO,BLU,1
2025-01,SCIO,MAR,2
2025-01,SCIO,SIL,1
2025-01,SCIO,WHI,1
2025-01,SMAR,BLU,1
2025-01,SUBA,BLK,4
2025-01,SUBA,BLU,4
2025-01,SUBA,GRY,8
2025-01,SUBA,LBL,1
2025-01,SUBA,RED,1
2025-01,SUBA,SIL,4
2025-01,SUBA,WHI,2
2025-01,SUZI,BGE,1
2025-01,SYCA,BLK,1
2025-01,TESI,BLK,1
2025-01,TESI,GRY,1
2025-01,TESL,BLK,1
2025-01,TESL,GRY,1
2025-01,TESL,RED,2
2025-01,TOYO,GRY,1
2025-01,TOYO,SIL,2
2025-01,TOYO,TAN,1
2025-01,TOYT,BGE,2
2025-01,TOYT,BLK,26
2025-01,TOYT,BLU,9
2025-01,TOYT,BRZ,1
2025-01,TOYT,DBL,2
2025-01,TOYT,GLD,2
2025-01,TOYT,GRN,5
2025-01,TOYT,GRY,16
2025-01,TOYT,LBL,2
2025-01,TOYT,LGR,1
2025-01,TOYT,MAR,3
2025-01,TOYT,RED,12
2025-01,TOYT,SIL,15
2025-01,TOYT,TAN,2
2025-01,TOYT,WHI,17
2025-01,TOYT,YEL,1
2025-01,TRLR,WHI,1
2025-01,VOLK,BLK,16
2025-01,VOLK,BLU,1
2025-01,VOLK,GRN,1
2025-01,VOLK,GRY,8
2025-01,VOLK,RED,2
2025-01,VOLK,SIL,3
2025-01,VOLK,WHI,7
2025-01,VOLV,BLK,2
2025-01,VOLV,BLU,2
2025-01,VOLV,GRY,1
2025-01,VOLV,RED,1
2025-01,VOLV,TAN,1
2025-01,VOLV,WHI,1
2025-01,YAMA,RED,1
2025-02,ACUR,BLK,12
2025-02,ACUR,BLU,2
2025-02,ACUR,GLD,2
2025-02,ACUR,GRY,9
2025-02,ACUR,LAV,1
2025-02,ACUR,MAR,1
2025-02,ACUR,RED,1
2025-02,ACUR,SIL,2
2025-02,ACUR,TAN,2
2025-02,ACUR,WHI,1
2025-02,ALFA,BLK,2
2025-02,ALFA,WHI,2
2025-02,AUDI,BLK,7
2025-02,AUDI,BLU,2
2025-02,AUDI,GRY,3
2025-02,AUDI,RED,1
2025-02,AUDI,SIL,2
2025-02,AUDI,WHI,4
2025-02,BMW,BLK,7
2025-02,BMW,BLU,2
2025-02,BMW,BRZ,1
2025-02,BMW,GRY,5
2025-02,BMW,RED,1
2025-02,BMW,SIL,2
2025-02,BMW,WHI,5
2025-02,BUIC,BLK,8
2025-02,BUIC,BLU,1
2025-02,BUIC,BRO,1
2025-02,BUIC,GLD,3
2025-02,BUIC,GRN,1
2025-02,BUIC,GRY,7
2025-02,BUIC,MAR,1
2025-02,BUIC,RED,3
2025-02,BUIC,SIL,3
2025-02,BUIC,TAN,3
2025-02,BUIC,WHI,5
2025-02,CADI,BLK,7
2025-02,CADI,BLU,1
2025-02,CADI,DBL,1
2025-02,CADI,GRY,4
2025-02,CADI,RED,2
2025-02,CADI,SIL,2
2025-02,CADI,TAN,3
2025-02,CADI,WHI,7
2025-02,CHEV,BGE,1
2025-02,CHEV,BLK,55
2025-02,CHEV,BLU,25
2025-02,CHEV,BRO,3
2025-02,CHEV,BRZ,2
2025-02,CHEV,CRM,1
2025-02,CHEV,DBL,3
2025-02,CHEV,GLD,4
2025-02,CHEV,GRN,3
2025-02,CHEV,GRY,34
2025-02,CHEV,MAR,8
2025-02,CHEV,RED,18
2025-02,CHEV,SIL,28
2025-02,CHEV,TAN,8
2025-02,CHEV,TRQ,1
2025-02,CHEV,WHI,45
2025-02,CHRY,BGE,1
2025-02,CHRY,BLK,9
2025-02,CHRY,BLU,4
2025-02,CHRY,DBL,1
2025-02,CHRY,GLD,1
2025-02,CHRY,GRY,4
2025-02,CHRY,RED,1
2025-02,CHRY,SIL,10
2025-02,CHRY,WHI,5
2025-02,DODG,BLK,18
2025-02,DODG,BLU,5
2025-02,DODG,DBL,4
2025-02,DODG,GLD,1
2025-02,DODG,GRY,15
2025-02,DODG,MAR,2
2025-02,DODG,ONG,3
2025-02,DODG,RED,6
2025-02,DODG,SIL,9
2025-02,DODG,WHI,13
2025-02,FIAT,BLU,1
2025-02,FORD,BGE,2
2025-02,FORD,BLK,37
2025-02,FORD,BLU,18
2025-02,FORD,BRO,2
2025-02,FORD,BRZ,1
2025-02,FORD,DBL,4
2025-02,FORD,GLD,1
2025-02,FORD,GRN,3
2025-02,FORD,GRY,29
2025-02,FORD,MAR,1
2025-02,FORD,PLE,1
2025-02,FORD,RED,14
2025-02,FORD,SIL,22
2025-02,FORD,TAN,2
2025-02,FORD,WHI,42
2025-02,FORD,YEL,2
2025-02,FRHT,WHI,1
2025-02,GENE,BRZ,1
2025-02,GMC,BLK,10
2025-02,GMC,BLU,2
2025-02,GMC,CRM,1
2025-02,GMC,GRY,3
2025-02,GMC,MAR,1
2025-02,GMC,ONG,1
2025-02,GMC,RED,5
2025-02,GMC,SIL,4
2025-02,GMC,TAN,3
2025-02,GMC,WHI,8
2025-02,GMC,YEL,1
2025-02,HARL,BLK,1
2025-02,HOMD,BLK,1
2025-02,HOMD,RED,1
2025-02,HOND,BGE,2
2025-02,HOND,BLK,30
2025-02,HOND,BLU,19
2025-02,HOND,BRO,1
2025-02,HOND,BRZ,1
2025-02,HOND,GRN,1
2025-02,HOND,GRY,18
2025-02,HOND,MAR,2
2025-02,HOND,ONG,1
2025-02,HOND,PLE,1
2025-02,HOND,RED,11
2025-02,HOND,SIL,17
2025-02,HOND,TAN,3
2025-02,HOND,WHI,16
2025-02,HYUN,BLK,13
2025-02,HYUN,BLU,9
2025-02,HYUN,BRO,1
2025-02,HYUN,DBL,3
2025-02,HYUN,GRY,17
2025-02,HYUN,LBL,2
2025-02,HYUN,MAR,2
2025-02,HYUN,RED,8
2025-02,HYUN,SIL,17
2025-02,HYUN,WHI,15
2025-02,INFI,BGE,1
2025-02,INFI,BLK,11
2025-02,INFI,BLU,2
2025-02,INFI,BRZ,1
2025-02,INFI,GRY,8
2025-02,INFI,PLE,1
2025-02,INFI,RED,1
2025-02,INFI,SIL,4
2025-02,INFI,WHI,2
2025-02,INTE,RED,1
2025-02,ISU,GRN,1
2025-02,JAGU,BLK,2
2025-02,JAGU,WHI,1
2025-02,JEEP,BLK,30
2025-02,JEEP,BLU,3
2025-02,JEEP,BRO,1
2025-02,JEEP,DBL,2
2025-02,JEEP,GRN,2
2025-02,JEEP,GRY,18
2025-02,JEEP,MAR,4
2025-02,JEEP,ONG,1
2025-02,JEEP,RED,3
2025-02,JEEP,SIL,5
2025-02,JEEP,WHI,17
2025-02,KAWK,BLK,1
2025-02,KIA,BGE,4
2025-02,KIA,BLK,10
2025-02,KIA,BLU,3
2025-02,KIA,BRO,1
2025-02,KIA,GRY,13
2025-02,KIA,ONG,1
2025-02,KIA,RED,4
2025-02,KIA,SIL,5
2025-02,KIA,WHI,14
2025-02,LAND,BLK,1
2025-02,LAND,PLE,1
2025-02,LAND,SIL,1
2025-02,LAND,WHI,1
2025-02,LEXS,BGE,1
2025-02,LEXS,BLK,12
2025-02,LEXS,BLU,1
2025-02,LEXS,GLD,1
2025-02,LEXS,GRY,4
2025-02,LEXS,RED,1
2025-02,LEXS,SIL,1
2025-02,LEXS,TAN,1
2025-02,LEXS,WHI,4
2025-02,LINC,BGE,1
2025-02,LINC,BLK,8
2025-02,LINC,BLU,2
2025-02,LINC,CRM,1
2025-02,LINC,GLD,1
2025-02,LINC,GRY,4
2025-02,LINC,SIL,1
2025-02,LINC,TAN,1
2025-02,LINC,WHI,2
2025-02,MASE,BLU,1
2025-02,MASE,WHI,1
2025-02,MAZD,BLK,6
2025-02,MAZD,BLU,5
2025-02,MAZD,GRY,8
2025-02,MAZD,MAR,1
2025-02,MAZD,RED,2
2025-02,MAZD,SIL,6
2025-02,MAZD,TAN,1
2025-02,MAZD,WHI,5
2025-02,MERC,BLK,4
2025-02,MERC,GLD,1
2025-02,MERC,GRY,2
2025-02,MERC,SIL,2
2025-02,MERC,TAN,1
2025-02,MERC,WHI,4
2025-02,MERZ,BLK,8
2025-02,MERZ,BLU,1
2025-02,MERZ,GRY,3
2025-02,MERZ,SIL,2
2025-02,MERZ,WHI,7
2025-02,MINI,GRY,1
2025-02,MINI,WHI,3
2025-02,MINI,YEL,1
2025-02,MIT,RED,1
2025-02,MITS,BLK,3
2025-02,MITS,BLU,1
2025-02,MITS,DBL,1
2025-02,MITS,GRY,2
2025-02,MITS,SIL,2
2025-02,MITS,WHI,2
2025-02,NISS,BGE,2
2025-02,NISS,BLK,43
2025-02,NISS,BLU,8
2025-02,NISS,BRO,2
2025-02,NISS,DBL,3
2025-02,NISS,GRY,39
2025-02,NISS,MAR,2
2025-02,NISS,PLE,2
2025-02,NISS,RED,13
2025-02,NISS,SIL,19
2025-02,NISS,WHI,18
2025-02,OTAS,RED,1
2025-02,OTTE,BLK,1
2025-02,OTTE,WHI,2
2025-02,PONT,BLK,4
2025-02,PONT,GRN,1
2025-02,PONT,GRY,3
2025-02,PONT,RED,1
2025-02,PONT,SIL,2
2025-02,PONT,WHI,3
2025-02,PORS,BLK,1
2025-02,PORS,GRY,1
2025-02,SATR,BLU,1
2025-02,SATR,GRN,1
2025-02,SATR,SIL,2
2025-02,SATU,RED,1
2025-02,SATU,WHI,1
2025-02,SCIO,GRY,1
2025-02,SCIO,SIL,1
2025-02,STOU,WHI,1
2025-02,SUBA,BLK,4
2025-02,SUBA,BLU,1
2025-02,SUBA,BRO,1
2025-02,SUBA,GLD,1
2025-02,SUBA,GRY,3
2025-02,SUBA,ONG,1
2025-02,SUBA,RED,2
2025-02,SUBA,SIL,4
2025-02,SUBA,WHI,5
2025-02,SUZI,BLK,2
2025-02,TESL,RED,1
2025-02,TESL,WHI,2
2025-02,TOYO,RED,1
2025-02,TOYO,SIL,1
2025-02,TOYO,WHI,3
2025-02,TOYT,BGE,1
2025-02,TOYT,BLK,24
2025-02,TOYT,BLU,12
2025-02,TOYT,GLD,8
2025-02,TOYT,GRN,3
2025-02,TOYT,GRY,26
2025-02,TOYT,LGR,1
2025-02,TOYT,PLE,1
2025-02,TOYT,RED,10
2025-02,TOYT,SIL,19
2025-02,TOYT,TAN,4
2025-02,TOYT,WHI,23
2025-02,VOLK,BLK,16
2025-02,VOLK,BLU,4
2025-02,VOLK,DBL,2
2025-02,VOLK,GRY,10
2025-02,VOLK,RED,2
2025-02,VOLK,WHI,10
2025-02,VOLV,BLK,1
2025-02,VOLV,BLU,1
2025-02,VOLV,GRY,2
2025-02,VOLV,SIL,2
2025-02,VOLV,WHI,1
2025-02,YAMA,MAR,1
2025-03,ACUR,BLK,1
2025-03,ACUR,WHI,2
2025-03,ALFA,WHI,1
2025-03,AUDI,BLK,1
2025-03,AUDI,GRY,1
2025-03,AUDI,WHI,1
2025-03,BMW,BLK,1
2025-03,BMW,BLU,1
2025-03,BMW,CRM,1
2025-03,BMW,GRY,1
2025-03,BMW,WHI,1
2025-03,BUIC,CRM,1
2025-03,BUIC,GRY,2
2025-03,BUIC,SIL,1
2025-03,BUIC,WHI,2
2025-03,CADI,BLK,4
2025-03,CADI,TAN,1
2025-03,CHEV,BLK,15
2025-03,CHEV,BLU,3
2025-03,CHEV,BRO,1
2025-03,CHEV,GRN,1
2025-03,CHEV,GRY,5
2025-03,CHEV,LBL,1
2025-03,CHEV,MAR,2
2025-03,CHEV,RED,6
2025-03,CHEV,SIL,8
2025-03,CHEV,TAN,1
2025-03,CHEV,WHI,11
2025-03,CHRY,BLK,3
2025-03,CHRY,BLU,2
2025-03,CHRY,DBL,1
2025-03,CHRY,GRN,1
2025-03,CHRY,GRY,3
2025-03,CHRY,MAR,2
2025-03,CHRY,RED,1
2025-03,CHRY,SIL,3
2025-03,CHRY,WHI,2
2025-03,DODG,BLK,7
2025-03,DODG,BLU,2
2025-03,DODG,GRY,5
2025-03,DODG,RED,2
2025-03,DODG,SIL,4
2025-03,DODG,WHI,3
2025-03,FORD,BLK,9
2025-03,FORD,BLU,3
2025-03,FORD,GRY,7
2025-03,FORD,PLE,1
2025-03,FORD,RED,3
2025-03,FORD,SIL,4
2025-03,FORD,TAN,2
2025-03,FORD,WHI,20
2025-03,FRHT,BLU,1
2025-03,GMC,BLK,4
2025-03,GMC,GRY,2
2025-03,GMC,RED,4
2025-03,GMC,WHI,4
2025-03,HOND,BLK,7
2025-03,HOND,BLU,7
2025-03,HOND,GRY,3
2025-03,HOND,RED,2
2025-03,HOND,SIL,3
2025-03,HOND,TAN,1
2025-03,HUMM,BLK,1
2025-03,HYUN,BLK,1
2025-03,HYUN,BLU,6
2025-03,HYUN,GLD,1
2025-03,HYUN,GRY,5
2025-03,HYUN,ONG,1
2025-03,HYUN,RED,2
2025-03,HYUN,SIL,2
2025-03,HYUN,WHI,4
2025-03,INFI,BLK,4
2025-03,INFI,BLU,1
2025-03,INFI,GRY,5
2025-03,INFI,RED,1
2025-03,INFI,SIL,1
2025-03,INFI,WHI,2
2025-03,JAGU,MAR,1
2025-03,JEEP,BGE,1
2025-03,JEEP,BLK,12
2025-03,JEEP,BLU,1
2025-03,JEEP,BRO,1
2025-03,JEEP,GRY,5
2025-03,JEEP,MAR,1
2025-03,JEEP,RED,2
2025-03,JEEP,SIL,5
2025-03,JEEP,WHI,2
2025-03,KIA,BLK,6
2025-03,KIA,BLU,1
2025-03,KIA,GRY,5
2025-03,KIA,PLE,1
2025-03,KIA,RED,1
2025-03,KIA,SIL,3
2025-03,KIA,WHI,5
2025-03,LEXS,BLK,2
2025-03,LEXS,GLD,1
2025-03,LEXS,GRY,3
2025-03,LEXS,SIL,2
2025-03,LINC,BLK,1
2025-03,LINC,BLU,1
2025-03,LINC,RED,2
2025-03,MAZD,BLK,2
2025-03,MAZD,BLU,1
2025-03,MAZD,GRY,5
2025-03,MAZD,SIL,1
2025-03,MAZD,WHI,3
2025-03,MERC,BLK,2
2025-03,MERC,CRM,1
2025-03,MERC,RED,1
2025-03,MERC,WHI,1
2025-03,MERZ,BLK,1
2025-03,MERZ,GRN,1
2025-03,MINI,GRY,1
2025-03,MINI,WHI,1
2025-03,MITS,GRY,2
2025-03,NISS,BLK,12
2025-03,NISS,BLU,3
2025-03,NISS,BRO,1
2025-03,NISS,GRY,7
2025-03,NISS,MAR,1
2025-03,NISS,RED,2
2025-03,NISS,SIL,3
2025-03,NISS,TAN,1
2025-03,NISS,WHI,5
2025-03,OTTE,BLK,1
2025-03,OTTE,BLU,2
2025-03,OTTE,WHI,1
2025-03,PONT,BLK,1
2025-03,PONT,GRY,1
2025-03,SATR,BLU,1
2025-03,SATR,GRY,1
2025-03,SATU,BLK,1
2025-03,SATU,GRY,1
2025-03,SUBA,BLK,1
2025-03,SUBA,MAR,1
2025-03,TESL,WHI,1
2025-03,TOYT,BLK,8
2025-03,TOYT,BLU,3
2025-03,TOYT,GRN,2
2025-03,TOYT,GRY,10
2025-03,TOYT,LBL,1
2025-03,TOYT,RED,2
2025-03,TOYT,SIL,5
2025-03,TOYT,WHI,6
2025-03,VOLK,BLK,5
2025-03,VOLK,BRO,1
2025-03,VOLK,GRY,5
2025-03,VOLK,RED,1
2025-03,VOLK,SIL,1
2025-03,VOLK,WHI,5
2025-03,VOLV,DBL,1
